{
  "project_info": {
    "project_number": "497933284616",
    "firebase_url": "https://stink-1c683.firebaseio.com",
    "project_id": "stink-1c683",
    "storage_bucket": "stink-1c683.appspot.com"
  },
  "client": [
    {
      "client_info": {
        "mobilesdk_app_id": "1:497933284616:android:1f443a1ebe5d756b",
        "android_client_info": {
          "package_name": "stink.com.br.stink"
        }
      },
      "oauth_client": [
        {
          "client_id": "497933284616-7hk8r1903oe5hqa9knh6pulaotd8k2sm.apps.googleusercontent.com",
          "client_type": 1,
          "android_info": {
            "package_name": "stink.com.br.stink",
            "certificate_hash": "77fa7f2e13a8574bed360b02b2a2bf1941574f2d"
          }
        },
        {
          "client_id": "497933284616-eu178bcbetcnogbo7gavsvoa1oqivmm9.apps.googleusercontent.com",
          "client_type": 3
        }
      ],
      "api_key": [
        {
          "current_key": "AIzaSyCixrAnF4NXRP43_mDe3mPGPoXtYe5Ytxo"
        }
      ],
      "services": {
        "analytics_service": {
          "status": 1
        },
        "appinvite_service": {
          "status": 2,
          "other_platform_oauth_client": [
            {
              "client_id": "497933284616-eu178bcbetcnogbo7gavsvoa1oqivmm9.apps.googleusercontent.com",
              "client_type": 3
            }
          ]
        },
        "ads_service": {
          "status": 2
        }
      }
    }
  ],
  "configuration_version": "1"
}